Experiment,Dataset,Model,CV_Macro_F1,Best_Params,Validation_Selected_Threshold,Validation_Macro_F1_at_Selected_Threshold,Train_Size,Test_Size,Default_Accuracy,Default_Macro_Precision,Default_Macro_Recall,Default_Macro_F1,Default_ROC_AUC,Threshold_Accuracy,Threshold_Macro_Precision,Threshold_Macro_Recall,Threshold_Macro_F1,Threshold_ROC_AUC
EB68.2 Model A,Eurobarometer 68.2 / GESIS ZA4742,Random Forest,0.6856709914157992,"{""model__max_depth"": 10, ""model__min_samples_leaf"": 5, ""model__n_estimators"": 200}",0.46,0.687852562905227,21384,5346,0.690048634493079,0.6870075115573249,0.6881434885337119,0.6873901224868825,0.7516926836777948,0.6934156378600823,0.6899606264917507,0.6853077025374783,0.6864466422685503,0.7516926836777948
EB68.2 Model B,Eurobarometer 68.2 / GESIS ZA4742,Random Forest,0.6229184158903436,"{""model__max_depth"": 10, ""model__min_samples_leaf"": 5, ""model__n_estimators"": 200}",0.5,0.6301286967911512,21384,5346,0.6187803965581743,0.6166790966768757,0.6178540791739893,0.616590783523657,0.6633930661682927,0.6187803965581743,0.6166790966768757,0.6178540791739893,0.616590783523657,0.6633930661682927
FEB316,Flash Eurobarometer 316 / GESIS ZA5474,CatBoost,0.6069204377974314,"{""model__depth"": 6, ""model__iterations"": 200, ""model__learning_rate"": 0.05}",0.31,0.6706609561995018,21684,5422,0.7253780892659535,0.611663580647196,0.7174791620113075,0.6115563524560093,0.7816812214221012,0.8305053485798598,0.6554647504307246,0.6972178371741549,0.6713734591564549,0.7816812214221012
